{
    "version": "0.2",
    "ignorePaths": [],
    "dictionaryDefinitions": [],
    "dictionaries": [],
    "words": [
        "аннотаціях",
        "ҐАРАНТІЇ",
        "дитерингу",
        "ориґінальна",
        "Перевала",
        "AREATEX",
        "astype",
        "attrname",
        "bhqab",
        "bhqglsl",
        "bmesh",
        "CHILDOF",
        "colorspace",
        "ctxt",
        "cvar",
        "dtype",
        "fontid",
        "fragcode",
        "framebuffer",
        "FXAA",
        "glsl",
        "idname",
        "INBETWEEN",
        "ivpe",
        "keyconfigs",
        "keymap",
        "keymaps",
        "Kuzmin",
        "LEFTMOUSE",
        "libcode",
        "mathutils",
        "MIDDLEMOUSE",
        "MOUSEMOVE",
        "msgctxt",
        "offscreens",
        "OSKEY",
        "PAGEDOWN",
        "PAGEUP",
        "Perevala",
        "persportho",
        "pixcoord",
        "quadviews",
        "qualname",
        "RIGHTMOUSE",
        "rtype",
        "scol",
        "SEARCHTEX",
        "seealso",
        "SMAA",
        "SPACEKEY",
        "srow",
        "subline",
        "sublines",
        "TRIS",
        "vertdef",
        "vertexcode",
        "verts",
        "WHEELDOWNMOUSE",
        "WHEELINMOUSE",
        "WHEELOUTMOUSE",
        "WHEELUPMOUSE"
    ],
    "ignoreWords": [],
    "import": []
}
